Timestamp,Temperature (Â°C),Humidity (%),Pressure (hPa),Heart rate (BPM)
2024-11-27 12:09:58,27.6,94.0,94.88,306.0
2024-11-27 12:10:00,27.8,95.0,94.88,375.0
2024-11-27 12:10:02,27.9,95.0,94.86,315.5
2024-11-27 12:10:04,28.1,95.0,94.86,383.5
2024-11-27 12:10:06,28.2,95.0,94.87,345.5
2024-11-27 12:10:08,28.4,95.0,94.87,390.0
2024-11-27 12:10:10,28.5,93.0,94.87,391.0
2024-11-27 12:10:12,28.6,79.0,94.86,558.0
2024-11-27 12:10:14,28.7,70.0,94.87,310.0
2024-11-27 12:10:16,28.8,68.0,94.86,388.5
2024-11-27 12:10:18,29.0,64.0,94.87,401.0
2024-11-27 12:10:20,29.0,63.0,94.86,351.0
2024-11-27 12:10:22,29.1,68.0,94.87,347.0
2024-11-27 12:10:24,29.2,72.0,94.86,340.0
2024-11-27 12:10:27,29.2,67.0,94.87,376.5
2024-11-27 12:10:29,29.3,67.0,94.87,306.5
2024-11-27 12:10:31,29.3,64.0,94.86,384.0
2024-11-27 12:10:33,29.4,63.0,94.87,309.0
2024-11-27 12:10:35,29.5,66.0,94.86,365.5
2024-11-27 12:10:37,29.5,73.0,94.87,322.5
2024-11-27 12:10:39,29.5,65.0,94.87,437.5
2024-11-27 12:10:41,29.6,69.0,94.87,278.5
2024-11-27 12:10:43,29.6,63.0,94.87,330.0
2024-11-27 12:10:45,29.6,75.0,94.86,362.0
2024-11-27 12:10:47,29.7,75.0,94.86,317.0
2024-11-27 12:10:49,29.7,65.0,94.86,377.5
2024-11-27 12:10:51,29.7,60.0,94.87,331.5
2024-11-27 12:10:53,29.7,56.0,94.86,356.5
2024-11-27 12:10:55,29.7,53.0,94.87,381.0
2024-11-27 12:10:57,29.7,51.0,94.87,321.0
2024-11-27 12:10:59,29.7,49.0,94.86,386.0
2024-11-27 12:11:01,29.7,48.0,94.87,318.0
2024-11-27 12:11:03,29.7,46.0,94.86,367.0
2024-11-27 12:11:05,29.7,45.0,94.86,367.0
2024-11-27 12:11:08,29.7,44.0,94.87,172.5
2024-11-27 12:11:10,29.7,43.0,94.86,340.0
2024-11-27 12:11:12,29.7,42.0,94.88,323.5
2024-11-27 12:11:14,29.7,42.0,94.87,374.5
2024-11-27 12:11:16,29.7,41.0,94.87,399.0
2024-11-27 12:11:18,29.7,41.0,94.88,503.5
2024-11-27 12:11:20,29.6,40.0,94.87,341.5
2024-11-27 12:11:22,29.6,40.0,94.87,379.5
2024-11-27 12:11:24,29.6,39.0,94.87,386.0
2024-11-27 12:11:26,29.6,39.0,94.86,295.0
2024-11-27 12:11:28,29.5,39.0,94.86,336.5
2024-11-27 12:11:30,29.6,39.0,94.87,460.5
2024-11-27 12:11:32,29.5,39.0,94.87,183.0
2024-11-27 12:11:34,29.4,38.0,94.87,465.0
2024-11-27 12:11:36,29.5,38.0,94.86,566.5
2024-11-27 12:11:38,29.4,38.0,94.87,239.0
2024-11-27 12:11:40,29.4,38.0,94.87,416.0
2024-11-27 12:11:42,29.3,38.0,94.87,458.0
2024-11-27 12:11:44,29.3,38.0,94.86,204.5
2024-11-27 12:11:46,29.3,38.0,94.87,214.5
2024-11-27 12:11:49,29.2,38.0,94.87,546.5
2024-11-27 12:11:51,29.2,38.0,94.88,246.0
2024-11-27 12:11:53,29.1,38.0,94.86,497.5
2024-11-27 12:11:55,29.1,38.0,94.87,287.5
2024-11-27 12:11:57,29.1,38.0,94.86,360.0
2024-11-27 12:11:59,29.0,39.0,94.87,559.5
2024-11-27 12:12:01,29.0,38.0,94.86,201.0
2024-11-27 12:12:03,29.0,38.0,94.87,552.5
2024-11-27 12:12:05,28.9,37.0,94.87,215.5
2024-11-27 12:12:07,28.8,37.0,94.87,263.0
2024-11-27 12:12:09,28.8,37.0,94.86,354.5
2024-11-27 12:12:11,28.8,37.0,94.86,412.5
2024-11-27 12:12:13,28.7,37.0,94.86,245.0
2024-11-27 12:12:15,28.7,37.0,94.87,451.0
2024-11-27 12:12:17,28.7,37.0,94.87,334.0
2024-11-27 12:12:19,28.6,37.0,94.86,286.0
2024-11-27 12:12:21,28.5,37.0,94.86,336.0
2024-11-27 12:12:23,28.5,37.0,94.87,560.0
2024-11-27 12:12:25,28.5,37.0,94.86,311.0
2024-11-27 12:12:27,28.5,37.0,94.87,372.5
2024-11-27 12:12:29,28.4,37.0,94.86,349.5
2024-11-27 12:12:32,28.4,37.0,94.87,480.5
2024-11-27 12:12:34,28.4,37.0,94.85,249.5
2024-11-27 12:12:36,28.3,37.0,94.86,363.5
2024-11-27 12:12:38,28.3,37.0,94.87,546.5
2024-11-27 12:12:40,28.2,37.0,94.87,332.0
2024-11-27 12:12:42,28.2,37.0,94.87,221.0
2024-11-27 12:12:44,28.2,37.0,94.87,324.0
2024-11-27 12:12:46,28.1,37.0,94.87,525.0
2024-11-27 12:12:48,28.1,37.0,94.87,344.5
2024-11-27 12:12:50,28.0,37.0,94.87,276.5
2024-11-27 12:12:52,28.1,37.0,94.87,556.0
2024-11-27 12:12:54,28.0,37.0,94.86,215.5
2024-11-27 12:12:56,28.0,37.0,94.87,483.0
2024-11-27 12:12:58,28.0,37.0,94.86,512.0
2024-11-27 12:13:00,28.0,37.0,94.86,227.0
2024-11-27 12:13:02,27.9,36.0,94.86,222.5
2024-11-27 12:13:04,27.9,36.0,94.87,482.5
2024-11-27 12:13:06,27.8,36.0,94.87,532.0
2024-11-27 12:13:08,27.8,36.0,94.87,455.0
2024-11-27 12:13:10,27.8,36.0,94.86,207.5
2024-11-27 12:13:12,27.8,36.0,94.87,518.5
2024-11-27 12:13:15,27.7,36.0,94.86,200.0
2024-11-27 12:13:17,27.7,36.0,94.86,290.0
2024-11-27 12:13:19,27.7,36.0,94.86,528.5
2024-11-27 12:13:21,27.7,36.0,94.87,363.5
2024-11-27 12:13:23,27.6,36.0,94.86,321.5
2024-11-27 12:13:25,27.6,36.0,94.86,534.0
2024-11-27 12:13:27,27.6,36.0,94.86,261.0
2024-11-27 12:13:29,27.6,37.0,94.86,463.5
2024-11-27 12:13:31,27.6,37.0,94.87,326.0
2024-11-27 12:13:33,27.5,37.0,94.86,446.5
2024-11-27 12:13:35,27.5,37.0,94.86,302.0
2024-11-27 12:13:37,27.5,37.0,94.87,218.0
2024-11-27 12:13:39,27.5,37.0,94.86,534.0
2024-11-27 12:13:41,27.5,37.0,94.86,368.0
2024-11-27 12:13:43,27.4,37.0,94.86,211.0
2024-11-27 12:13:45,27.4,37.0,94.86,534.0
2024-11-27 12:13:47,27.3,37.0,94.85,306.0
2024-11-27 12:13:49,27.3,37.0,94.86,440.5
2024-11-27 12:13:51,27.3,37.0,94.87,319.0
2024-11-27 12:13:53,27.3,37.0,94.86,379.0
2024-11-27 12:13:56,27.3,37.0,94.86,334.5
2024-11-27 12:13:58,27.2,37.0,94.88,415.0
2024-11-27 12:14:00,27.2,37.0,94.86,201.5
2024-11-27 12:14:02,27.2,37.0,94.85,446.0
2024-11-27 12:14:04,27.2,37.0,94.86,446.0
2024-11-27 12:14:06,27.2,37.0,94.86,285.5
2024-11-27 12:14:08,27.1,37.0,94.87,455.5
2024-11-27 12:14:10,27.1,37.0,94.88,322.5
2024-11-27 12:14:12,27.1,37.0,94.86,219.5
2024-11-27 12:14:14,27.1,37.0,94.86,443.5
2024-11-27 12:14:16,27.1,37.0,94.86,455.5
2024-11-27 12:14:18,27.1,38.0,94.86,274.0
2024-11-27 12:14:20,27.1,38.0,94.85,509.0
2024-11-27 12:14:22,27.1,37.0,94.86,427.5
2024-11-27 12:14:24,27.0,37.0,94.86,197.5
2024-11-27 12:14:26,27.0,37.0,94.86,434.0
2024-11-27 12:14:28,27.0,37.0,94.85,476.5
2024-11-27 12:14:30,27.0,38.0,94.86,197.0
2024-11-27 12:14:32,27.0,38.0,94.85,495.5
2024-11-27 12:14:34,27.0,38.0,94.86,343.5
2024-11-27 12:14:36,26.9,38.0,94.86,328.5
2024-11-27 12:14:39,26.9,38.0,94.87,528.0
2024-11-27 12:14:41,26.9,38.0,94.86,400.5
2024-11-27 12:14:43,26.9,38.0,94.87,433.0
2024-11-27 12:14:45,26.8,38.0,94.86,340.5
2024-11-27 12:14:47,26.8,38.0,94.86,381.0
2024-11-27 12:14:49,26.8,38.0,94.87,202.0
2024-11-27 12:14:51,26.8,38.0,94.86,395.5
2024-11-27 12:14:53,26.8,38.0,94.86,493.5
2024-11-27 12:14:55,26.8,39.0,94.87,330.0
2024-11-27 12:14:57,26.8,39.0,94.86,534.5
2024-11-27 12:14:59,26.8,39.0,94.87,509.0
2024-11-27 12:15:01,26.7,39.0,94.86,358.5
2024-11-27 12:15:03,26.7,39.0,94.86,206.5
2024-11-27 12:15:05,26.7,39.0,94.86,538.0
2024-11-27 12:15:07,26.7,40.0,94.86,422.5
2024-11-27 12:15:09,26.7,40.0,94.86,437.5
2024-11-27 12:15:11,26.7,40.0,94.86,312.0
2024-11-27 12:15:13,26.7,39.0,94.86,410.0
2024-11-27 12:15:15,26.7,40.0,94.86,490.5
2024-11-27 12:15:17,26.7,39.0,94.86,337.5
2024-11-27 12:15:20,26.6,39.0,94.87,247.0
2024-11-27 12:15:22,26.6,39.0,94.85,335.5
2024-11-27 12:15:24,26.6,39.0,94.86,526.0
2024-11-27 12:15:26,26.6,39.0,94.85,218.5
2024-11-27 12:15:28,26.6,39.0,94.87,391.5
2024-11-27 12:15:30,26.6,38.0,94.87,332.5
2024-11-27 12:15:32,26.6,38.0,94.87,216.5
2024-11-27 12:15:34,26.5,38.0,94.86,522.5
2024-11-27 12:15:36,26.5,38.0,94.87,203.5
2024-11-27 12:15:38,26.5,38.0,94.87,379.5
2024-11-27 12:15:40,26.5,38.0,94.87,471.0
2024-11-27 12:15:42,26.5,38.0,94.87,209.5
2024-11-27 12:15:44,26.5,38.0,94.87,521.5
2024-11-27 12:15:46,26.5,38.0,94.86,248.5
2024-11-27 12:15:48,26.5,38.0,94.85,326.5
2024-11-27 12:15:50,26.5,38.0,94.86,468.0
2024-11-27 12:15:52,26.5,38.0,94.87,253.5
2024-11-27 12:15:54,26.4,38.0,94.87,430.5
2024-11-27 12:15:56,26.4,38.0,94.86,533.5
2024-11-27 12:15:58,26.4,38.0,94.86,208.5
2024-11-27 12:16:00,26.4,38.0,94.86,494.5
2024-11-27 12:16:03,26.4,38.0,94.86,229.5
2024-11-27 12:16:05,26.4,38.0,94.86,524.0
2024-11-27 12:16:07,26.4,38.0,94.87,212.5
2024-11-27 12:16:09,26.4,38.0,94.86,514.5
2024-11-27 12:16:11,26.4,38.0,94.85,238.0
2024-11-27 12:16:13,26.4,38.0,94.86,497.0
2024-11-27 12:16:15,26.4,38.0,94.87,204.5
2024-11-27 12:16:17,26.4,38.0,94.87,332.0
2024-11-27 12:16:19,26.4,38.0,94.86,328.5
2024-11-27 12:16:21,26.3,38.0,94.86,317.0
2024-11-27 12:16:23,26.2,38.0,94.86,245.0
2024-11-27 12:16:25,26.3,38.0,94.85,491.0
2024-11-27 12:16:27,26.2,38.0,94.87,272.5
2024-11-27 12:16:29,26.3,38.0,94.86,417.0
2024-11-27 12:16:31,26.3,38.0,94.86,207.5
2024-11-27 12:16:33,26.2,38.0,94.86,506.0
2024-11-27 12:16:35,26.2,38.0,94.86,206.5
2024-11-27 12:16:37,26.2,38.0,94.86,476.5
2024-11-27 12:16:39,26.2,38.0,94.86,505.0
2024-11-27 12:16:41,26.2,38.0,94.86,491.5
2024-11-27 12:16:44,26.2,38.0,94.86,234.5
2024-11-27 12:16:46,26.2,38.0,94.86,468.0
2024-11-27 12:16:48,26.2,38.0,94.85,209.5
2024-11-27 12:16:50,26.2,38.0,94.86,266.0
2024-11-27 12:16:52,26.2,39.0,94.86,478.5
2024-11-27 12:16:54,26.1,38.0,94.86,499.5
2024-11-27 12:16:56,26.2,38.0,94.85,231.5
2024-11-27 12:16:58,26.2,38.0,94.85,535.5
2024-11-27 12:17:00,26.2,38.0,94.86,281.0
2024-11-27 12:17:02,26.2,38.0,94.86,387.0
2024-11-27 12:17:04,26.2,38.0,94.86,473.5
2024-11-27 12:17:06,26.2,38.0,94.86,201.5
2024-11-27 12:17:08,26.1,38.0,94.86,515.5
2024-11-27 12:17:10,26.1,38.0,94.86,212.0
2024-11-27 12:17:12,26.1,38.0,94.86,509.0
2024-11-27 12:17:14,26.1,38.0,94.86,286.0
2024-11-27 12:17:16,26.1,38.0,94.86,496.0
2024-11-27 12:17:18,26.1,38.0,94.87,218.0
2024-11-27 12:17:20,26.1,38.0,94.86,421.5
2024-11-27 12:17:22,26.1,38.0,94.86,475.5
2024-11-27 12:17:24,26.1,38.0,94.86,215.5
2024-11-27 12:17:27,26.0,38.0,94.86,515.5
2024-11-27 12:17:29,26.1,38.0,94.87,479.0
2024-11-27 12:17:31,26.1,38.0,94.86,367.0
2024-11-27 12:17:33,26.0,39.0,94.86,498.5
2024-11-27 12:17:35,26.1,39.0,94.86,240.0
2024-11-27 12:17:37,26.0,39.0,94.87,532.5
2024-11-27 12:17:39,26.1,39.0,94.86,230.0
2024-11-27 12:17:41,26.1,39.0,94.87,535.5
2024-11-27 12:17:43,26.1,39.0,94.86,527.5
2024-11-27 12:17:45,26.1,39.0,94.86,436.0
2024-11-27 12:17:47,26.1,39.0,94.86,269.5
2024-11-27 12:17:49,26.0,39.0,94.85,499.0
2024-11-27 12:17:51,26.0,39.0,94.86,411.0
2024-11-27 12:17:53,26.0,40.0,94.86,469.0
2024-11-27 12:17:55,26.0,40.0,94.86,343.5
2024-11-27 12:17:57,26.0,40.0,94.85,203.0
2024-11-27 12:17:59,26.0,39.0,94.86,253.5
2024-11-27 12:18:03,26.0,39.0,94.87,388.0
2024-11-27 12:18:05,26.0,39.0,94.86,374.5
2024-11-27 12:18:08,26.0,39.0,94.86,414.0
2024-11-27 12:18:10,26.0,39.0,94.86,243.0
2024-11-27 12:18:12,26.0,39.0,94.86,503.5
2024-11-27 12:18:14,26.0,39.0,94.86,287.0
2024-11-27 12:18:16,26.0,39.0,94.87,448.0
2024-11-27 12:18:18,26.0,39.0,94.86,226.5
2024-11-27 12:18:20,26.0,39.0,94.85,493.5
2024-11-27 12:18:22,26.0,39.0,94.87,222.5
2024-11-27 12:18:24,26.0,39.0,94.86,481.5
2024-11-27 12:18:26,26.0,39.0,94.86,401.5
2024-11-27 12:18:28,25.9,38.0,94.86,231.5
2024-11-27 12:18:30,26.0,39.0,94.87,509.5
2024-11-27 12:18:32,26.0,39.0,94.86,238.5
2024-11-27 12:18:34,25.9,38.0,94.86,463.5
2024-11-27 12:18:36,26.0,39.0,94.86,219.5
2024-11-27 12:18:38,25.9,38.0,94.86,511.0
2024-11-27 12:18:40,25.9,38.0,94.87,399.5
2024-11-27 12:18:42,25.9,38.0,94.85,266.0
2024-11-27 12:18:44,26.0,39.0,94.86,429.0
2024-11-27 12:18:46,26.0,39.0,94.86,424.5
2024-11-27 12:18:49,25.9,38.0,94.85,208.5
2024-11-27 12:18:51,25.9,38.0,94.86,251.5
2024-11-27 12:18:53,25.9,38.0,94.86,422.5
2024-11-27 12:18:55,25.9,38.0,94.85,285.0
2024-11-27 12:18:57,25.9,38.0,94.86,472.0
2024-11-27 12:18:59,25.9,38.0,94.87,230.5
2024-11-27 12:19:01,25.9,38.0,94.87,530.5
2024-11-27 12:19:03,25.8,38.0,94.86,197.0
2024-11-27 12:19:05,25.9,38.0,94.86,528.0
2024-11-27 12:19:07,25.8,38.0,94.86,400.5
2024-11-27 12:19:09,25.9,38.0,94.86,221.0
2024-11-27 12:19:11,25.8,39.0,94.86,309.5
2024-11-27 12:19:13,25.9,39.0,94.84,260.5
2024-11-27 12:19:15,25.9,39.0,94.86,547.0
2024-11-27 12:19:17,25.9,39.0,94.86,244.5
2024-11-27 12:19:19,25.8,40.0,94.86,497.5
2024-11-27 12:19:21,25.9,40.0,94.85,415.5
2024-11-27 12:19:23,25.8,40.0,94.87,338.0
2024-11-27 12:19:25,25.9,40.0,94.86,429.5
2024-11-27 12:19:27,25.9,40.0,94.86,438.0
2024-11-27 12:19:30,25.8,40.0,94.85,323.0
2024-11-27 12:19:32,25.9,40.0,94.85,255.0
2024-11-27 12:19:34,25.8,40.0,94.86,471.5
2024-11-27 12:19:36,25.9,40.0,94.85,218.0
2024-11-27 12:19:38,25.8,40.0,94.86,491.0
2024-11-27 12:19:40,25.8,41.0,94.86,235.0
2024-11-27 12:19:42,25.8,41.0,94.86,466.0
2024-11-27 12:19:44,25.8,41.0,94.85,186.0
2024-11-27 12:19:46,25.8,41.0,94.86,511.0
2024-11-27 12:19:48,25.8,41.0,94.85,184.5
2024-11-27 12:19:50,25.8,41.0,94.85,527.5
2024-11-27 12:19:52,25.8,41.0,94.85,315.0
2024-11-27 12:19:54,25.8,41.0,94.86,335.5
2024-11-27 12:19:56,25.8,41.0,94.85,506.5
2024-11-27 12:19:58,25.8,41.0,94.87,263.0
2024-11-27 12:20:00,25.8,41.0,94.86,267.0
2024-11-27 12:20:02,25.8,40.0,94.86,219.5
2024-11-27 12:20:04,25.8,40.0,94.86,508.5
2024-11-27 12:20:06,25.8,40.0,94.86,188.5
2024-11-27 12:20:08,25.8,40.0,94.86,436.5
2024-11-27 12:20:11,25.8,40.0,94.86,531.5
2024-11-27 12:20:13,25.8,40.0,94.86,548.5
2024-11-27 12:20:15,25.8,40.0,94.86,194.0
2024-11-27 12:20:17,25.8,40.0,94.87,434.5
2024-11-27 12:20:19,25.8,40.0,94.86,204.5
2024-11-27 12:20:19,25.8,41.0,94.86,275.0
2024-11-27 12:20:21,25.8,41.0,94.86,542.5
2024-11-27 12:20:23,25.8,41.0,94.86,365.0
2024-11-27 12:20:25,25.8,41.0,94.86,280.0
2024-11-27 12:20:27,25.8,41.0,94.87,538.0
2024-11-27 12:20:29,25.8,41.0,94.86,191.5
2024-11-27 12:20:31,25.8,41.0,94.86,507.0
2024-11-27 12:20:33,25.8,41.0,94.86,273.0
2024-11-27 12:20:35,25.7,41.0,94.86,338.5
2024-11-27 12:20:37,25.8,41.0,94.87,250.0
2024-11-27 12:20:39,25.7,41.0,94.86,440.5
2024-11-27 12:20:41,25.7,42.0,94.85,320.0
2024-11-27 12:20:43,25.7,46.0,94.86,519.0
2024-11-27 12:20:45,25.8,51.0,94.86,241.0
2024-11-27 12:20:47,25.8,57.0,94.85,210.0
2024-11-27 12:20:49,25.8,64.0,94.86,530.5
2024-11-27 12:20:51,25.9,70.0,94.86,215.0
2024-11-27 12:20:54,25.9,74.0,94.86,457.5
2024-11-27 12:20:56,25.9,78.0,94.86,256.0
2024-11-27 12:20:58,25.9,80.0,94.85,529.0
2024-11-27 12:21:00,26.0,84.0,94.85,201.5
2024-11-27 12:21:02,26.0,86.0,94.87,406.0
2024-11-27 12:21:04,26.0,88.0,94.86,283.5
2024-11-27 12:21:06,26.1,89.0,94.87,386.5
2024-11-27 12:21:08,26.1,90.0,94.86,263.0
2024-11-27 12:21:10,26.1,90.0,94.86,489.0
2024-11-27 12:21:12,26.2,90.0,94.87,404.5
2024-11-27 12:21:14,26.2,91.0,94.87,422.5
2024-11-27 12:21:16,26.2,91.0,94.86,486.5
2024-11-27 12:21:18,26.3,92.0,94.85,439.0
2024-11-27 12:21:20,26.3,92.0,94.86,209.0
2024-11-27 12:21:22,26.4,93.0,94.86,529.5
2024-11-27 12:21:24,26.4,93.0,94.86,221.5
2024-11-27 12:21:26,26.4,94.0,94.85,502.0
2024-11-27 12:21:28,26.5,94.0,94.85,354.0
2024-11-27 12:21:30,26.5,95.0,94.86,308.5
2024-11-27 12:21:32,26.6,95.0,94.86,505.5
2024-11-27 12:21:35,26.7,95.0,94.85,227.5
2024-11-27 12:21:37,26.7,95.0,94.86,481.0
2024-11-27 12:21:39,26.7,95.0,94.85,233.5
2024-11-27 12:21:41,26.8,95.0,94.85,444.0
2024-11-27 12:21:43,26.8,94.0,94.86,308.5
2024-11-27 12:21:45,26.8,94.0,94.85,536.5
2024-11-27 12:21:47,26.9,93.0,94.85,200.0
2024-11-27 12:21:49,26.9,93.0,94.85,522.5
2024-11-27 12:21:51,27.0,94.0,94.87,248.0
2024-11-27 12:21:53,27.0,94.0,94.87,318.0
2024-11-27 12:21:55,27.0,95.0,94.85,205.5
2024-11-27 12:21:57,27.1,95.0,94.87,399.5
2024-11-27 12:21:59,27.1,95.0,94.86,303.0
2024-11-27 12:22:01,27.1,86.0,94.86,193.5
2024-11-27 12:22:03,27.1,78.0,94.87,528.0
2024-11-27 12:22:05,27.2,71.0,94.87,509.5
2024-11-27 12:22:07,27.2,67.0,94.85,291.5
2024-11-27 12:22:09,27.2,65.0,94.86,486.5
2024-11-27 12:22:11,27.2,62.0,94.86,353.0
2024-11-27 12:22:13,27.2,60.0,94.87,467.0
2024-11-27 12:22:16,27.2,58.0,94.86,375.5
2024-11-27 12:22:18,27.2,57.0,94.86,404.0
2024-11-27 12:22:20,27.2,55.0,94.86,432.0
2024-11-27 12:22:22,27.3,54.0,94.86,240.0
2024-11-27 12:22:24,27.3,53.0,94.85,526.5
2024-11-27 12:22:26,27.3,52.0,94.86,240.0
2024-11-27 12:22:28,27.3,51.0,94.86,450.0
2024-11-27 12:22:30,27.3,50.0,94.86,267.0
2024-11-27 12:22:32,27.3,49.0,94.85,520.0
2024-11-27 12:22:36,27.3,48.0,94.86,196.0
2024-11-27 12:22:38,27.3,48.0,94.86,531.5
2024-11-27 12:22:40,27.3,47.0,94.86,271.0
2024-11-27 12:22:42,27.2,47.0,94.86,534.5
2024-11-27 12:22:44,27.2,46.0,94.86,507.5
2024-11-27 12:22:46,27.3,46.0,94.87,200.0
2024-11-27 12:22:48,27.2,46.0,94.85,336.5
2024-11-27 12:22:50,27.2,45.0,94.86,307.0
2024-11-27 12:22:52,27.2,45.0,94.86,212.5
2024-11-27 12:22:54,27.2,45.0,94.86,517.5
2024-11-27 12:22:56,27.2,45.0,94.86,233.0
2024-11-27 12:22:59,27.2,45.0,94.86,345.5
2024-11-27 12:23:01,27.2,44.0,94.86,535.5
2024-11-27 12:23:03,27.2,44.0,94.86,321.5
2024-11-27 12:23:05,27.2,44.0,94.86,414.5
2024-11-27 12:23:07,27.2,44.0,94.85,197.5
2024-11-27 12:23:09,27.2,44.0,94.86,546.5
2024-11-27 12:23:11,27.2,44.0,94.85,258.5
2024-11-27 12:23:13,27.2,44.0,94.86,232.5
2024-11-27 12:23:15,27.2,44.0,94.87,510.5
2024-11-27 12:23:17,27.2,43.0,94.87,265.0
2024-11-27 12:23:19,27.1,43.0,94.86,309.5
2024-11-27 12:23:21,27.1,43.0,94.86,268.5
2024-11-27 12:23:23,27.1,43.0,94.86,439.0
2024-11-27 12:23:25,27.1,43.0,94.86,263.0
2024-11-27 12:23:27,27.1,43.0,94.85,367.0
2024-11-27 12:23:29,27.1,43.0,94.86,417.5
2024-11-27 12:23:31,27.1,43.0,94.85,542.0
2024-11-27 12:23:33,27.1,43.0,94.85,260.5
2024-11-27 12:23:35,27.1,43.0,94.86,505.5
2024-11-27 12:23:37,27.1,43.0,94.86,342.5
2024-11-27 12:23:40,27.1,43.0,94.85,552.0
2024-11-27 12:23:42,27.0,43.0,94.87,427.5
2024-11-27 12:23:44,27.0,43.0,94.86,269.0
2024-11-27 12:23:46,27.0,43.0,94.86,519.0
2024-11-27 12:23:48,27.0,43.0,94.86,210.0
2024-11-27 12:23:50,27.0,43.0,94.85,457.5
2024-11-27 12:23:52,27.0,43.0,94.86,225.0
2024-11-27 12:23:54,27.0,43.0,94.86,253.0
2024-11-27 12:23:56,27.0,43.0,94.86,276.0
2024-11-27 12:23:58,27.0,43.0,94.86,432.0
2024-11-27 12:24:00,27.0,43.0,94.87,220.5
2024-11-27 12:24:02,27.0,43.0,94.86,364.5
2024-11-27 12:24:04,26.9,43.0,94.86,530.5
2024-11-27 12:24:06,26.9,43.0,94.86,272.0
2024-11-27 12:24:08,26.9,43.0,94.86,357.5
2024-11-27 12:24:10,26.9,43.0,94.85,557.0
2024-11-27 12:24:12,26.9,42.0,94.85,311.5
2024-11-27 12:24:14,26.9,43.0,94.86,358.5
2024-11-27 12:24:16,26.8,43.0,94.85,336.0
2024-11-27 12:24:18,26.8,43.0,94.85,444.5
2024-11-27 12:24:21,26.8,43.0,94.86,355.0
2024-11-27 12:24:23,26.8,42.0,94.86,490.5
2024-11-27 12:24:25,26.8,42.0,94.86,311.5
2024-11-27 12:24:27,26.8,43.0,94.86,535.5
2024-11-27 12:24:29,26.8,43.0,94.85,285.5
2024-11-27 12:24:31,26.8,42.0,94.86,240.0
2024-11-27 12:24:33,26.8,42.0,94.86,431.5
2024-11-27 12:24:35,26.8,43.0,94.85,286.0
2024-11-27 12:24:37,26.7,43.0,94.85,294.5
2024-11-27 12:24:39,26.7,43.0,94.85,541.0
2024-11-27 12:24:41,26.7,43.0,94.86,400.5
2024-11-27 12:24:43,26.7,42.0,94.85,471.0
2024-11-27 12:24:45,26.7,43.0,94.85,417.0
2024-11-27 12:24:47,26.7,43.0,94.86,424.0
2024-11-27 12:24:49,26.7,43.0,94.86,325.0
2024-11-27 12:24:51,26.7,43.0,94.86,262.0
2024-11-27 12:24:53,26.7,43.0,94.85,208.5
2024-11-27 12:24:55,26.7,43.0,94.86,551.5
2024-11-27 12:24:57,26.7,43.0,94.86,209.5
2024-11-27 12:24:59,26.6,43.0,94.86,544.5
2024-11-27 12:25:02,26.7,43.0,94.86,467.0
2024-11-27 12:25:04,26.6,43.0,94.85,251.0
2024-11-27 12:25:06,26.7,43.0,94.86,449.0
2024-11-27 12:25:08,26.7,43.0,94.85,461.0
2024-11-27 12:25:10,26.6,43.0,94.86,205.0
2024-11-27 12:25:12,26.7,43.0,94.86,523.5
2024-11-27 12:25:14,26.6,43.0,94.86,309.5
2024-11-27 12:25:16,26.6,43.0,94.85,551.5
2024-11-27 12:25:18,26.6,43.0,94.85,238.0
2024-11-27 12:25:20,26.5,43.0,94.85,392.5
2024-11-27 12:25:22,26.5,43.0,94.86,430.5
2024-11-27 12:25:24,26.5,43.0,94.85,547.5
2024-11-27 12:25:26,26.5,43.0,94.85,221.0
2024-11-27 12:25:28,26.5,43.0,94.86,416.5
2024-11-27 12:25:30,26.5,43.0,94.86,436.5
2024-11-27 12:25:32,26.5,43.0,94.85,403.5
2024-11-27 12:25:34,26.5,43.0,94.85,405.5
2024-11-27 12:25:36,26.5,43.0,94.86,489.0
2024-11-27 12:25:38,26.5,43.0,94.86,316.5
2024-11-27 12:25:40,26.5,43.0,94.85,525.5
2024-11-27 12:25:42,26.5,43.0,94.86,361.0
2024-11-27 12:25:45,26.4,43.0,94.86,332.0
2024-11-27 12:25:47,26.5,43.0,94.85,521.5
2024-11-27 12:25:49,26.4,43.0,94.84,515.5
2024-11-27 12:25:51,26.4,43.0,94.85,226.0
2024-11-27 12:25:53,26.4,43.0,94.86,452.5
2024-11-27 12:25:55,26.4,43.0,94.86,552.0
2024-11-27 12:25:57,26.4,43.0,94.85,186.0
2024-11-27 12:25:59,26.4,43.0,94.85,552.5
2024-11-27 12:26:01,26.5,43.0,94.85,219.0
2024-11-27 12:26:03,26.4,43.0,94.86,222.5
2024-11-27 12:26:05,26.4,43.0,94.85,381.5
2024-11-27 12:26:07,26.4,43.0,94.85,489.5
2024-11-27 12:26:09,26.4,43.0,94.86,500.0
2024-11-27 12:26:11,26.4,43.0,94.85,202.0
2024-11-27 12:26:13,26.4,43.0,94.85,252.0
2024-11-27 12:26:15,26.4,43.0,94.85,191.0
2024-11-27 12:26:17,26.4,43.0,94.86,235.0
2024-11-27 12:26:19,26.3,43.0,94.84,312.0
2024-11-27 12:26:21,26.3,43.0,94.86,270.0
2024-11-27 12:26:23,26.3,43.0,94.86,541.5
2024-11-27 12:26:26,26.3,43.0,94.85,241.5
2024-11-27 12:26:28,26.4,43.0,94.85,545.5
2024-11-27 12:26:30,26.4,43.0,94.85,213.5
2024-11-27 12:26:32,26.3,43.0,94.86,491.5
2024-11-27 12:26:34,26.3,43.0,94.85,186.5
2024-11-27 12:26:36,26.3,43.0,94.85,541.0
2024-11-27 12:26:38,26.3,43.0,94.84,204.0
2024-11-27 12:26:40,26.2,43.0,94.86,478.0
2024-11-27 12:26:42,26.3,43.0,94.85,219.0
2024-11-27 12:26:44,26.3,43.0,94.85,492.5
2024-11-27 12:26:46,26.2,43.0,94.85,525.0
2024-11-27 12:26:48,26.3,43.0,94.85,396.0
2024-11-27 12:26:50,26.2,43.0,94.85,298.0
2024-11-27 12:26:52,26.2,43.0,94.85,192.0
2024-11-27 12:26:54,26.2,43.0,94.85,342.5
2024-11-27 12:26:56,26.2,43.0,94.84,539.0
2024-11-27 12:26:58,26.2,43.0,94.86,439.5
2024-11-27 12:27:00,26.2,43.0,94.85,215.5
2024-11-27 12:27:02,26.2,43.0,94.84,277.5
2024-11-27 12:27:04,26.2,43.0,94.84,473.0
2024-11-27 12:27:07,26.2,43.0,94.85,215.0
2024-11-27 12:27:09,26.2,44.0,94.85,406.5
2024-11-27 12:27:11,26.2,43.0,94.84,523.5
2024-11-27 12:27:13,26.2,43.0,94.85,200.0
2024-11-27 12:27:15,26.2,43.0,94.85,537.5
2024-11-27 12:27:17,26.2,43.0,94.85,288.0
2024-11-27 12:27:19,26.1,43.0,94.85,517.0
2024-11-27 12:27:21,26.2,43.0,94.84,383.5
2024-11-27 12:27:23,26.1,43.0,94.85,452.5
2024-11-27 12:27:25,26.1,43.0,94.85,215.0
2024-11-27 12:27:27,26.1,43.0,94.84,401.0
2024-11-27 12:27:29,26.1,43.0,94.86,326.5
2024-11-27 12:27:31,26.2,44.0,94.84,321.0
2024-11-27 12:27:33,26.1,45.0,94.84,390.0
2024-11-27 12:27:35,26.1,45.0,94.85,420.0
2024-11-27 12:27:37,26.1,45.0,94.85,310.0
2024-11-27 12:27:39,26.2,44.0,94.85,479.0
2024-11-27 12:27:41,26.1,44.0,94.85,243.0
2024-11-27 12:27:43,26.1,44.0,94.84,513.5
2024-11-27 12:27:45,26.1,44.0,94.86,299.0
2024-11-27 12:27:47,26.1,44.0,94.85,281.0
2024-11-27 12:27:50,26.1,44.0,94.85,426.5
2024-11-27 12:27:52,26.1,44.0,94.85,412.5
2024-11-27 12:27:54,26.1,44.0,94.85,306.0
2024-11-27 12:27:56,26.1,44.0,94.85,445.5
2024-11-27 12:27:58,26.1,44.0,94.86,532.0
2024-11-27 12:28:00,26.1,44.0,94.85,248.0
2024-11-27 12:28:02,26.1,44.0,94.85,276.0
2024-11-27 12:28:04,26.1,44.0,94.84,408.0
2024-11-27 12:28:06,26.1,44.0,94.85,526.5
2024-11-27 12:28:08,26.1,44.0,94.84,529.5
2024-11-27 12:28:10,26.1,44.0,94.85,527.5
2024-11-27 12:28:12,26.1,44.0,94.85,366.5
2024-11-27 12:28:14,26.1,44.0,94.85,536.0
2024-11-27 12:28:16,26.1,44.0,94.85,447.0
2024-11-27 12:28:18,26.1,44.0,94.84,272.5
2024-11-27 12:28:20,26.1,44.0,94.84,367.5
2024-11-27 12:28:22,26.0,44.0,94.84,247.0
2024-11-27 12:28:24,26.0,44.0,94.84,435.5
2024-11-27 12:28:26,26.0,44.0,94.85,344.5
2024-11-27 12:28:28,26.0,44.0,94.85,382.0
2024-11-27 12:28:31,26.0,44.0,94.84,441.0
2024-11-27 12:28:33,26.0,44.0,94.85,238.0
2024-11-27 12:28:35,26.0,44.0,94.84,530.5
2024-11-27 12:28:37,26.0,44.0,94.85,243.5
2024-11-27 12:28:39,26.0,44.0,94.84,237.5
2024-11-27 12:28:41,26.0,44.0,94.84,522.5
2024-11-27 12:28:43,26.0,44.0,94.85,548.0
2024-11-27 12:28:45,26.0,44.0,94.84,187.5
2024-11-27 12:28:47,26.1,44.0,94.84,206.5
2024-11-27 12:28:49,26.0,44.0,94.84,364.0
2024-11-27 12:28:51,26.0,44.0,94.85,518.5
2024-11-27 12:28:53,26.0,44.0,94.84,253.5
2024-11-27 12:28:55,26.0,44.0,94.84,280.0
2024-11-27 12:28:57,26.0,44.0,94.84,530.0
2024-11-27 12:28:59,26.0,44.0,94.84,234.5
2024-11-27 12:29:01,26.0,44.0,94.84,379.5
2024-11-27 12:29:03,26.0,44.0,94.85,511.0
2024-11-27 12:29:05,26.0,44.0,94.85,197.5
2024-11-27 12:29:07,26.0,44.0,94.84,297.5
2024-11-27 12:29:09,26.0,44.0,94.84,479.5
2024-11-27 12:29:12,26.0,44.0,94.85,361.5
2024-11-27 12:29:14,26.0,44.0,94.86,308.5
2024-11-27 12:29:16,26.0,44.0,94.84,421.0
2024-11-27 12:29:18,26.0,44.0,94.85,436.5
2024-11-27 12:29:20,26.0,44.0,94.85,361.0
2024-11-27 12:29:22,26.0,44.0,94.85,399.5
2024-11-27 12:29:24,26.0,44.0,94.84,226.5
2024-11-27 12:29:26,26.0,44.0,94.83,403.5
2024-11-27 12:29:28,26.0,44.0,94.85,282.0
2024-11-27 12:29:30,26.0,44.0,94.84,387.5
2024-11-27 12:29:32,26.0,44.0,94.85,344.0
2024-11-27 12:29:34,26.0,44.0,94.85,210.5
2024-11-27 12:29:36,25.9,43.0,94.84,523.5
2024-11-27 12:29:38,26.0,44.0,94.84,246.5
2024-11-27 12:29:40,26.0,44.0,94.85,501.5
2024-11-27 12:29:42,26.0,44.0,94.85,205.0
2024-11-27 12:29:44,26.0,44.0,94.85,540.5
2024-11-27 12:29:46,25.9,43.0,94.84,427.5
2024-11-27 12:29:48,26.0,44.0,94.85,228.5
2024-11-27 12:29:50,26.0,45.0,94.85,407.5
2024-11-27 12:29:51,25.9,43.0,94.85,475.5
2024-11-27 12:29:53,25.9,44.0,94.84,187.5
2024-11-27 12:29:55,25.9,43.0,94.85,395.5
2024-11-27 12:29:57,25.9,43.0,94.84,195.0
2024-11-27 12:29:59,25.9,43.0,94.84,436.0
2024-11-27 12:30:01,25.9,43.0,94.84,305.0
2024-11-27 12:30:03,26.0,44.0,94.85,303.0
2024-11-27 12:30:05,25.9,43.0,94.83,520.0
2024-11-27 12:30:07,25.9,43.0,94.85,238.0
2024-11-27 12:30:09,25.9,43.0,94.84,375.0
2024-11-27 12:30:11,25.9,44.0,94.84,252.5
2024-11-27 12:30:13,25.9,44.0,94.85,459.5
2024-11-27 12:30:15,25.9,44.0,94.84,257.5
2024-11-27 12:30:17,25.9,44.0,94.85,230.5
2024-11-27 12:30:19,26.0,46.0,94.84,543.5
2024-11-27 12:30:21,25.9,45.0,94.85,245.0
2024-11-27 12:30:23,25.9,45.0,94.85,512.0
2024-11-27 12:30:25,25.9,45.0,94.84,202.5
2024-11-27 12:30:27,26.0,45.0,94.84,517.5
2024-11-27 12:30:29,25.9,45.0,94.84,228.5
2024-11-27 12:30:31,26.0,46.0,94.84,497.5
2024-11-27 12:30:33,25.9,45.0,94.84,307.5
2024-11-27 12:30:36,25.8,46.0,94.85,566.5
2024-11-27 12:30:38,25.9,46.0,94.85,475.5
2024-11-27 12:30:40,25.9,47.0,94.83,5.5
2024-11-27 12:30:42,25.9,47.0,94.84,484.0
2024-11-27 12:30:44,25.9,47.0,94.84,217.0
2024-11-27 12:30:46,25.9,47.0,94.83,536.5
2024-11-27 12:30:48,25.9,46.0,94.84,214.0
2024-11-27 12:30:50,25.9,46.0,94.84,533.0
2024-11-27 12:30:52,25.9,46.0,94.85,301.5
2024-11-27 12:30:54,25.9,46.0,94.85,499.0
2024-11-27 12:30:56,25.9,45.0,94.85,228.5
2024-11-27 12:30:58,25.9,45.0,94.85,498.5
2024-11-27 12:31:00,25.8,45.0,94.85,226.0
2024-11-27 12:31:02,25.8,45.0,94.84,494.5
2024-11-27 12:31:04,25.8,45.0,94.84,286.0
2024-11-27 12:31:06,25.8,44.0,94.85,483.5
2024-11-27 12:31:08,25.8,44.0,94.85,280.5
2024-11-27 12:31:10,25.8,44.0,94.85,211.5
2024-11-27 12:31:12,25.8,45.0,94.85,447.5
2024-11-27 12:31:14,25.8,45.0,94.84,325.5
2024-11-27 12:31:17,25.8,45.0,94.84,291.5
2024-11-27 12:31:19,25.8,45.0,94.85,467.5
2024-11-27 12:31:21,25.8,45.0,94.85,212.0
2024-11-27 12:31:23,25.8,45.0,94.86,386.5
2024-11-27 12:31:25,25.8,45.0,94.83,323.0
2024-11-27 12:31:27,25.8,45.0,94.85,451.5
2024-11-27 12:31:29,25.8,45.0,94.85,508.5
2024-11-27 12:31:31,25.8,45.0,94.84,295.0
2024-11-27 12:31:33,25.8,44.0,94.85,502.0
2024-11-27 12:31:35,25.8,44.0,94.85,216.5
2024-11-27 12:31:37,25.8,44.0,94.85,465.5
2024-11-27 12:31:39,25.8,44.0,94.84,213.5
2024-11-27 12:31:41,25.8,44.0,94.85,405.5
2024-11-27 12:31:43,25.8,44.0,94.83,425.0
2024-11-27 12:31:45,25.8,44.0,94.85,277.5
2024-11-27 12:31:47,25.8,44.0,94.84,289.5
2024-11-27 12:31:49,25.8,44.0,94.84,500.5
2024-11-27 12:31:53,25.8,44.0,94.85,441.5
2024-11-27 12:31:55,25.8,44.0,94.85,208.0
2024-11-27 12:31:58,25.8,44.0,94.85,299.5
2024-11-27 12:32:00,25.8,44.0,94.85,231.5
2024-11-27 12:32:02,25.8,44.0,94.85,476.0
2024-11-27 12:32:04,25.8,44.0,94.85,264.5
2024-11-27 12:32:06,25.7,44.0,94.84,515.0
2024-11-27 12:32:08,25.8,44.0,94.84,230.0
2024-11-27 12:32:10,25.7,44.0,94.83,236.0
2024-11-27 12:32:12,25.7,44.0,94.84,497.0
2024-11-27 12:32:14,25.8,44.0,94.84,387.0
2024-11-27 12:32:16,25.8,44.0,94.84,337.5
2024-11-27 12:32:18,25.7,44.0,94.84,324.5
2024-11-27 12:32:20,25.7,44.0,94.84,262.0
2024-11-27 12:32:22,25.7,44.0,94.84,513.5
2024-11-27 12:32:24,25.7,44.0,94.84,407.0
2024-11-27 12:32:26,25.7,44.0,94.84,507.0
2024-11-27 12:32:28,25.7,44.0,94.85,301.0
2024-11-27 12:32:30,25.7,44.0,94.84,218.5
2024-11-27 12:32:32,25.7,45.0,94.84,198.0
2024-11-27 12:32:34,25.7,45.0,94.84,422.0
2024-11-27 12:32:36,25.7,45.0,94.84,469.0
2024-11-27 12:32:39,25.7,45.0,94.85,391.5
2024-11-27 12:32:41,25.7,45.0,94.84,249.0
2024-11-27 12:32:43,25.7,45.0,94.84,248.5
2024-11-27 12:32:45,25.7,45.0,94.85,206.5
2024-11-27 12:32:47,25.7,45.0,94.86,436.5
2024-11-27 12:32:49,25.7,45.0,94.84,423.5
2024-11-27 12:32:51,25.7,45.0,94.84,196.5
2024-11-27 12:32:53,25.7,45.0,94.84,329.5
2024-11-27 12:32:55,25.7,44.0,94.84,267.0
2024-11-27 12:32:57,25.7,44.0,94.85,207.5
2024-11-27 12:32:59,25.7,44.0,94.84,251.5
2024-11-27 12:33:01,25.7,44.0,94.83,484.5
2024-11-27 12:33:03,25.7,45.0,94.84,462.0
2024-11-27 12:33:05,25.7,46.0,94.84,224.5
2024-11-27 12:33:07,25.7,46.0,94.84,319.0
2024-11-27 12:33:09,25.7,46.0,94.84,413.5
2024-11-27 12:33:11,25.7,45.0,94.84,521.0
2024-11-27 12:33:13,25.7,45.0,94.85,211.0
2024-11-27 12:33:15,25.7,45.0,94.84,488.0
2024-11-27 12:33:17,25.7,45.0,94.84,224.0
2024-11-27 12:33:20,25.7,45.0,94.85,257.5
2024-11-27 12:33:22,25.7,45.0,94.84,429.0
2024-11-27 12:33:24,25.7,45.0,94.84,465.5
2024-11-27 12:33:26,25.7,44.0,94.84,493.0
2024-11-27 12:33:28,25.6,45.0,94.85,294.0
2024-11-27 12:33:30,25.6,45.0,94.85,459.5
2024-11-27 12:33:32,25.7,45.0,94.83,428.5
2024-11-27 12:33:34,25.7,46.0,94.84,496.5
2024-11-27 12:33:36,25.7,45.0,94.84,209.5
2024-11-27 12:33:38,25.7,47.0,94.85,472.0
2024-11-27 12:33:40,25.7,48.0,94.84,449.5
2024-11-27 12:33:42,25.7,48.0,94.85,430.0
2024-11-27 12:33:44,25.7,48.0,94.85,393.0
2024-11-27 12:33:46,25.7,47.0,94.84,320.0
2024-11-27 12:33:48,25.7,48.0,94.83,506.0
2024-11-27 12:33:50,25.7,48.0,94.84,476.5
2024-11-27 12:33:52,25.7,48.0,94.84,236.5
2024-11-27 12:33:54,25.7,47.0,94.84,479.5
2024-11-27 12:33:56,25.7,47.0,94.84,240.0
2024-11-27 12:33:58,25.7,47.0,94.84,492.5
2024-11-27 12:34:00,25.7,47.0,94.85,244.0
2024-11-27 12:34:03,25.7,46.0,94.84,486.5
2024-11-27 12:34:05,25.7,46.0,94.84,243.0
2024-11-27 12:34:07,25.7,46.0,94.84,216.0
2024-11-27 12:34:09,25.7,46.0,94.84,482.0
2024-11-27 12:34:11,25.7,46.0,94.84,382.5
2024-11-27 12:34:13,25.7,45.0,94.84,251.5
2024-11-27 12:34:15,25.7,45.0,94.84,408.5
2024-11-27 12:34:17,25.7,45.0,94.84,326.5
2024-11-27 12:34:19,25.7,46.0,94.84,277.5
2024-11-27 12:34:21,25.7,46.0,94.84,460.0
2024-11-27 12:34:23,25.7,46.0,94.85,237.0
2024-11-27 12:34:25,25.7,48.0,94.85,460.5
2024-11-27 12:34:27,25.7,48.0,94.84,456.0
2024-11-27 12:34:29,25.7,48.0,94.85,256.5
2024-11-27 12:34:31,25.7,48.0,94.84,488.0
2024-11-27 12:34:33,25.7,48.0,94.83,237.0
2024-11-27 12:34:35,25.7,48.0,94.83,485.0
2024-11-27 12:34:37,25.7,48.0,94.84,349.0
2024-11-27 12:34:39,25.7,48.0,94.83,392.5
2024-11-27 12:34:41,25.7,48.0,94.85,237.0
2024-11-27 12:34:44,25.7,48.0,94.85,497.5
2024-11-27 12:34:46,25.7,47.0,94.84,217.0
2024-11-27 12:34:48,25.7,47.0,94.84,503.0
2024-11-27 12:34:50,25.7,47.0,94.84,219.0
2024-11-27 12:34:52,25.7,47.0,94.84,515.0
2024-11-27 12:34:54,25.7,48.0,94.84,216.0
2024-11-27 12:34:56,25.7,48.0,94.84,504.5
2024-11-27 12:34:58,25.7,48.0,94.84,231.0
2024-11-27 12:35:00,25.7,48.0,94.83,497.5
2024-11-27 12:35:02,25.7,48.0,94.84,253.5
2024-11-27 12:35:04,25.7,48.0,94.85,503.5
2024-11-27 12:35:06,25.7,48.0,94.84,449.0
2024-11-27 12:35:08,25.7,48.0,94.84,507.5
2024-11-27 12:35:10,25.7,47.0,94.84,217.0
2024-11-27 12:35:12,25.7,47.0,94.84,299.5
2024-11-27 12:35:14,25.7,47.0,94.84,425.5
2024-11-27 12:35:16,25.7,47.0,94.84,258.0
2024-11-27 12:35:18,25.7,47.0,94.84,343.5
2024-11-27 12:35:20,25.7,47.0,94.85,497.0
2024-11-27 12:35:22,25.7,47.0,94.83,220.5
2024-11-27 12:35:24,25.7,46.0,94.84,230.5
2024-11-27 12:35:27,25.7,47.0,94.85,487.5
2024-11-27 12:35:29,25.7,47.0,94.84,262.5
2024-11-27 12:35:31,25.7,48.0,94.83,465.0
2024-11-27 12:35:33,25.7,47.0,94.84,384.0
2024-11-27 12:35:35,25.7,47.0,94.84,373.5
2024-11-27 12:35:37,25.7,47.0,94.84,475.5
2024-11-27 12:35:39,25.7,48.0,94.85,451.5
2024-11-27 12:35:41,25.7,48.0,94.84,241.5
2024-11-27 12:35:43,25.7,48.0,94.82,461.0
2024-11-27 12:35:45,25.7,48.0,94.84,475.5
2024-11-27 12:35:47,25.7,49.0,94.85,267.0
2024-11-27 12:35:49,25.7,49.0,94.84,365.0
2024-11-27 12:35:51,25.7,49.0,94.84,464.5
2024-11-27 12:35:53,25.7,49.0,94.84,377.5
2024-11-27 12:35:55,25.7,48.0,94.84,327.0
2024-11-27 12:35:57,25.7,49.0,94.84,386.5
2024-11-27 12:35:59,25.7,48.0,94.84,260.0
2024-11-27 12:36:01,25.7,48.0,94.84,311.5
2024-11-27 12:36:03,25.7,47.0,94.83,402.0
2024-11-27 12:36:06,25.7,47.0,94.84,509.5
2024-11-27 12:36:08,25.7,47.0,94.85,410.5
2024-11-27 12:36:10,25.7,46.0,94.84,310.5
2024-11-27 12:36:12,25.7,46.0,94.83,347.5
2024-11-27 12:36:14,25.7,46.0,94.84,416.5
2024-11-27 12:36:16,25.7,46.0,94.84,460.5
2024-11-27 12:36:18,25.7,46.0,94.85,289.5
2024-11-27 12:36:20,25.7,46.0,94.85,454.5
2024-11-27 12:36:22,25.7,46.0,94.85,380.5
2024-11-27 12:36:24,25.7,46.0,94.84,270.5
2024-11-27 12:36:26,25.7,46.0,94.83,333.0
2024-11-27 12:36:28,25.7,46.0,94.84,449.5
2024-11-27 12:36:30,25.7,46.0,94.84,353.0
2024-11-27 12:36:32,25.7,46.0,94.84,292.5
2024-11-27 12:36:34,25.7,45.0,94.85,450.0
2024-11-27 12:36:36,25.7,45.0,94.84,512.5
2024-11-27 12:36:38,25.7,45.0,94.84,334.5
2024-11-27 12:36:41,25.7,45.0,94.84,368.0
